{
  "properties": {
    "connectionReferences": {
      "shared_approvals": {
        "runtimeSource": "embedded",
        "connection": {
          "connectionReferenceLogicalName": "usgsced_sharedapprovals_55bdd"
        },
        "api": {
          "name": "shared_approvals"
        }
      },
      "shared_arcgis": {
        "runtimeSource": "embedded",
        "connection": {
          "connectionReferenceLogicalName": "usgsced_sharedarcgis_61069"
        },
        "api": {
          "name": "shared_arcgis"
        }
      },
      "shared_commondataserviceforapps": {
        "runtimeSource": "embedded",
        "connection": {
          "connectionReferenceLogicalName": "usgsced_sharedcommondataserviceforapps_b8963"
        },
        "api": {
          "name": "shared_commondataserviceforapps"
        }
      }
    },
    "definition": {
      "$schema": "https://schema.management.azure.com/providers/Microsoft.Logic/schemas/2016-06-01/workflowdefinition.json#",
      "contentVersion": "1.0.0.0",
      "parameters": {
        "$connections": {
          "defaultValue": {},
          "type": "Object"
        },
        "$authentication": {
          "defaultValue": {},
          "type": "SecureObject"
        }
      },
      "triggers": {
        "When_a_row_is_added,_modified_or_deleted": {
          "metadata": {
            "operationMetadataId": "0f69ccaa-f205-4420-accb-054102c779ba"
          },
          "type": "OpenApiConnectionWebhook",
          "inputs": {
            "host": {
              "connectionName": "shared_commondataserviceforapps",
              "operationId": "SubscribeWebhookTrigger",
              "apiId": "/providers/Microsoft.PowerApps/apis/shared_commondataserviceforapps"
            },
            "parameters": {
              "subscriptionRequest/message": 1,
              "subscriptionRequest/entityname": "usgsced_sampleproject",
              "subscriptionRequest/scope": 4
            },
            "authentication": "@parameters('$authentication')"
          }
        }
      },
      "actions": {
        "Start_and_wait_for_an_approval": {
          "runAfter": {},
          "metadata": {
            "operationMetadataId": "a1f6257b-eb3e-444b-b915-8dbbbd232c8f"
          },
          "type": "OpenApiConnectionWebhook",
          "inputs": {
            "host": {
              "connectionName": "shared_approvals",
              "operationId": "StartAndWaitForAnApproval",
              "apiId": "/providers/Microsoft.PowerApps/apis/shared_approvals"
            },
            "parameters": {
              "approvalType": "Basic",
              "WebhookApprovalCreationInput/title": "New Project Submission",
              "WebhookApprovalCreationInput/assignedTo": "juddg@uspsgcctenant.onmicrosoft.com;",
              "WebhookApprovalCreationInput/details": "@triggerOutputs()?['body/usgsced_name']",
              "WebhookApprovalCreationInput/enableNotifications": true,
              "WebhookApprovalCreationInput/enableReassignment": true
            },
            "authentication": "@parameters('$authentication')"
          }
        },
        "Create_a_record_in_a_feature_layer": {
          "runAfter": {
            "Start_and_wait_for_an_approval": [
              "Succeeded"
            ]
          },
          "metadata": {
            "operationMetadataId": "35d6bc48-e26f-467d-8add-601b9d13b8fc"
          },
          "type": "OpenApiConnection",
          "inputs": {
            "host": {
              "connectionName": "shared_arcgis",
              "operationId": "CreateItemInFeatureLayer",
              "apiId": "/providers/Microsoft.PowerApps/apis/shared_arcgis"
            },
            "parameters": {
              "contentFilter": "My content",
              "userLayer": "https%3A%2F%2Fservices.arcgis.com%2FW7LMuDDgbbr88qbH%2Farcgis%2Frest%2Fservices%2Fsample_data%2FFeatureServer%2F0",
              "data/geometry": "{\n  \"x\": @{triggerOutputs()?['body/usgsced_lon']},\n  \"y\": @{triggerOutputs()?['body/usgsced_lat']} ,\n  \"spatialReference\": {\n    \"wkid\": 4326\n  }\n}",
              "data/Park_Name": "@triggerOutputs()?['body/usgsced_name']",
              "data/Latitude": "@triggerOutputs()?['body/usgsced_lat']",
              "data/Longitude": "@triggerOutputs()?['body/usgsced_lon']"
            },
            "authentication": "@parameters('$authentication')"
          }
        }
      }
    },
    "templateName": ""
  },
  "schemaVersion": "1.0.0.0"
}